{"name":"PizzaType","identifier":"WRJ1RPFU3B","description":null,"slotTypeValues":[{"synonyms":[{"value":"Pepper, peper, peperoni"}],"sampleValue":{"value":"Pepperoni"}},{"synonyms":[{"value":"4 queijo, queijo, queijos"}],"sampleValue":{"value":"Quatro Queijos"}},{"synonyms":[{"value":"calabreza"},{"value":"calabreso"}],"sampleValue":{"value":"Calabresa"}},{"synonyms":[{"value":"frango, catupiry"}],"sampleValue":{"value":"Frango com Catupiry"}},{"synonyms":[{"value":"churras"}],"sampleValue":{"value":"Churrasco"}},{"synonyms":null,"sampleValue":{"value":"Portuguesa"}},{"synonyms":[{"value":"magerita, margerita"}],"sampleValue":{"value":"Marguerita"}},{"synonyms":null,"sampleValue":{"value":"Napolitana"}},{"synonyms":null,"sampleValue":{"value":"Toscana"}},{"synonyms":null,"sampleValue":{"value":"Vegetariana"}}],"parentSlotTypeSignature":null,"valueSelectionSetting":{"resolutionStrategy":"TOP_RESOLUTION","regexFilter":null}}